{

	"North_Europe": {

	
	"carbohydrates": 11.442760675638647,

	
	"proteins": 4.250917497871672,

	
	"fat": 5.844514443261398

	},

	"Central_Europe": {

	
	"carbohydrates": 15.809964334219917,

	
	"proteins": 6.2491178316776255,

	
	"fat": 8.632051320562974

	},

	"South_Europe": {

	
	"carbohydrates": 12.479686139515422,

	
	"proteins": 5.3840016733346365,

	
	"fat": 6.405764772270043

	}
}